datetime,good,cost
21.02.01_00:20:34,cucumber,78.0
21.02.01_00:43:31,tomato,49.2
21.02.01_01:14:22,carrot,93.09
21.02.01_01:43:52,potato,78.02
21.02.01_02:16:06,asparagus,94.66
21.02.01_02:39:24,tomato,52.34
21.02.01_03:11:01,potato,23.71
21.02.01_03:39:29,potato,59.58
21.02.01_03:57:55,asparagus,5.2
21.02.01_04:28:51,asparagus,99.5
21.02.01_04:51:17,carrot,48.8
21.02.01_05:09:46,asparagus,39.35
21.02.01_05:31:45,tomato,25.57
21.02.01_06:02:18,cucumber,10.58
21.02.01_06:24:54,tomato,29.21
21.02.01_06:51:24,tomato,17.5
21.02.01_07:17:23,tomato,50.04
21.02.01_07:48:52,asparagus,86.29
21.02.01_08:07:08,tomato,78.77
21.02.01_08:26:40,potato,76.95
21.02.01_08:47:42,cabbage,97.47
21.02.01_09:10:54,potato,66.71
21.02.01_09:30:36,cucumber,15.46
21.02.01_09:56:25,cucumber,96.88
21.02.01_10:28:58,carrot,55.2
21.02.01_10:48:50,potato,33.28
21.02.01_11:07:36,tomato,10.54
21.02.01_11:24:22,cucumber,48.36
21.02.01_11:52:04,carrot,6.75
21.02.01_12:11:36,asparagus,24.65
21.02.01_12:41:58,asparagus,86.5
21.02.01_13:05:12,potato,86.55
21.02.01_13:35:48,cucumber,74.19
21.02.01_13:59:16,cucumber,61.22
21.02.01_14:25:59,asparagus,95.04
21.02.01_14:48:44,asparagus,93.71
21.02.01_15:15:43,tomato,13.62
21.02.01_15:42:48,potato,66.25
21.02.01_16:04:21,tomato,88.56
21.02.01_16:32:54,cucumber,29.67
21.02.01_17:01:08,carrot,85.3
21.02.01_17:29:29,cucumber,7.08
21.02.01_18:00:52,carrot,85.1
21.02.01_18:23:38,tomato,83.32
21.02.01_18:43:00,cabbage,58.19
21.02.01_19:01:02,carrot,48.7
21.02.01_19:22:50,cucumber,30.65
21.02.01_19:54:51,tomato,77.81
21.02.01_20:21:13,cabbage,19.18
21.02.01_20:45:45,potato,60.58
21.02.01_21:04:04,cucumber,37.96
21.02.01_21:31:12,cabbage,22.31
21.02.01_21:58:09,carrot,80.81
21.02.01_22:26:07,tomato,75.89
21.02.01_22:51:59,asparagus,66.57
21.02.01_23:09:21,potato,37.64
21.02.01_23:41:36,carrot,28.14
21.02.02_00:13:18,cabbage,75.14
21.02.02_00:38:26,asparagus,64.12
21.02.02_01:08:26,carrot,15.01
21.02.02_01:39:10,asparagus,73.05
21.02.02_02:03:50,carrot,15.48
21.02.02_02:26:08,potato,50.44
21.02.02_02:54:29,tomato,9.61
21.02.02_03:13:19,tomato,16.38
21.02.02_03:43:30,potato,99.81
21.02.02_04:03:13,asparagus,97.42
21.02.02_04:35:23,cucumber,55.65
21.02.02_04:55:19,carrot,86.53
21.02.02_05:12:58,asparagus,94.65
21.02.02_05:43:08,carrot,38.39
21.02.02_06:14:16,cucumber,45.81
21.02.02_06:44:03,tomato,68.33
21.02.02_07:13:08,asparagus,40.4
21.02.02_07:30:25,carrot,67.51
21.02.02_07:57:47,carrot,82.83
21.02.02_08:21:03,carrot,75.17
21.02.02_08:41:23,cabbage,8.57
21.02.02_08:58:15,cabbage,91.98
21.02.02_09:31:34,cabbage,84.18
21.02.02_09:55:08,tomato,69.68
21.02.02_10:12:57,cucumber,83.48
21.02.02_10:35:35,potato,49.13
21.02.02_10:55:40,tomato,72.6
21.02.02_11:20:47,cucumber,92.25
21.02.02_11:49:25,cucumber,79.71
21.02.02_12:19:04,potato,89.17
21.02.02_12:46:22,cabbage,49.76
21.02.02_13:07:57,asparagus,69.54
21.02.02_13:30:23,carrot,58.61
21.02.02_13:49:47,cabbage,15.52
21.02.02_14:20:15,carrot,98.96
21.02.02_14:51:19,carrot,65.97
21.02.02_15:10:13,cabbage,74.43
21.02.02_15:34:30,carrot,51.09
21.02.02_15:53:11,cucumber,14.81
21.02.02_16:20:10,tomato,84.17
21.02.02_16:39:10,carrot,79.07
21.02.02_17:09:41,cucumber,63.66
21.02.02_17:32:43,cabbage,88.69
21.02.02_18:05:08,cucumber,6.65
21.02.02_18:33:31,cabbage,86.09
21.02.02_18:52:35,cabbage,44.06
21.02.02_19:10:25,asparagus,99.09
21.02.02_19:32:23,cucumber,96.16
21.02.02_20:00:20,carrot,89.3
21.02.02_20:18:17,carrot,22.19
21.02.02_20:47:32,carrot,38.07
21.02.02_21:05:43,cucumber,98.21
21.02.02_21:38:48,potato,7.7
21.02.02_22:03:16,cucumber,73.84
21.02.02_22:27:05,asparagus,10.4
21.02.02_22:58:06,carrot,82.21
21.02.02_23:31:17,cabbage,23.92
21.02.03_00:02:16,asparagus,34.95
21.02.03_00:24:07,cucumber,66.52
21.02.03_00:43:49,carrot,10.92
21.02.03_01:07:17,tomato,76.88
21.02.03_01:26:22,asparagus,33.16
21.02.03_01:45:30,asparagus,29.41
21.02.03_02:02:14,tomato,7.08
21.02.03_02:26:08,cucumber,92.25
21.02.03_02:57:33,asparagus,19.63
21.02.03_03:24:16,cabbage,33.56
21.02.03_03:56:20,cucumber,80.33
21.02.03_04:23:41,potato,60.51
21.02.03_04:54:29,asparagus,7.78
21.02.03_05:26:45,tomato,93.95
21.02.03_05:49:41,carrot,25.1
21.02.03_06:17:19,tomato,92.68
21.02.03_06:36:58,carrot,20.32
21.02.03_07:00:51,cabbage,17.79
21.02.03_07:30:06,asparagus,26.3
21.02.03_07:50:39,carrot,54.76
21.02.03_08:23:40,cabbage,92.64
21.02.03_08:49:08,potato,24.55
21.02.03_09:21:05,potato,87.82
21.02.03_09:38:28,cucumber,66.43
21.02.03_10:01:56,tomato,91.08
21.02.03_10:20:52,potato,26.79
21.02.03_10:49:28,potato,36.01
21.02.03_11:10:47,potato,77.23
21.02.03_11:36:18,tomato,93.01
21.02.03_12:07:45,asparagus,52.42
21.02.03_12:28:33,potato,95.52
21.02.03_12:51:18,asparagus,42.3
21.02.03_13:24:35,asparagus,55.25
21.02.03_13:52:47,tomato,67.19
21.02.03_14:21:52,carrot,29.12
21.02.03_14:49:24,cucumber,66.4
21.02.03_15:21:48,carrot,74.49
21.02.03_15:52:01,tomato,45.13
21.02.03_16:20:45,tomato,66.12
21.02.03_16:49:20,tomato,79.25
21.02.03_17:16:25,asparagus,5.63
21.02.03_17:35:43,cabbage,8.41
21.02.03_17:56:37,asparagus,72.09
21.02.03_18:19:25,cucumber,22.01
21.02.03_18:36:18,carrot,7.21
21.02.03_18:56:12,carrot,44.99
21.02.03_19:20:11,carrot,37.65
21.02.03_19:39:14,potato,65.84
21.02.03_20:07:58,potato,52.79
21.02.03_20:35:56,asparagus,8.08
21.02.03_21:00:30,cabbage,41.21
21.02.03_21:19:47,carrot,24.4
21.02.03_21:39:44,cucumber,48.92
21.02.03_22:09:25,cucumber,47.04
21.02.03_22:29:14,cucumber,17.15
21.02.03_22:47:08,carrot,51.74
21.02.03_23:16:42,tomato,43.9
21.02.03_23:48:48,cabbage,36.54
21.02.04_00:08:07,cabbage,67.49
21.02.04_00:35:21,carrot,8.67
21.02.04_01:08:36,carrot,51.87
21.02.04_01:40:48,cabbage,91.9
21.02.04_02:03:56,cabbage,52.57
21.02.04_02:20:45,asparagus,9.69
21.02.04_02:51:36,asparagus,92.22
21.02.04_03:08:49,carrot,10.52
21.02.04_03:36:32,tomato,33.51
21.02.04_04:00:30,cabbage,73.67
21.02.04_04:25:35,potato,68.67
21.02.04_04:52:54,tomato,51.33
21.02.04_05:23:35,cucumber,81.0
21.02.04_05:56:40,potato,60.23
21.02.04_06:28:07,cucumber,17.25
21.02.04_06:46:53,asparagus,69.22
21.02.04_07:17:14,tomato,41.51
21.02.04_07:39:59,asparagus,19.07
21.02.04_08:05:00,cabbage,63.31
21.02.04_08:35:43,cucumber,75.44
21.02.04_08:58:23,potato,77.57
21.02.04_09:21:50,potato,12.45
21.02.04_09:51:30,cabbage,96.3
21.02.04_10:18:35,carrot,44.69
21.02.04_10:41:48,cucumber,66.3
21.02.04_11:01:24,tomato,17.31
21.02.04_11:28:10,cabbage,75.74
21.02.04_11:54:45,potato,20.36
21.02.04_12:27:49,cabbage,84.67
21.02.04_12:51:57,cucumber,38.27
21.02.04_13:14:35,cucumber,57.4
21.02.04_13:39:20,asparagus,42.92
21.02.04_14:06:07,asparagus,24.37
21.02.04_14:26:16,tomato,45.52
21.02.04_14:52:05,carrot,77.46
21.02.04_15:10:18,cabbage,45.82
21.02.04_15:35:49,carrot,95.3
21.02.04_15:58:35,carrot,24.64
21.02.04_16:30:01,tomato,83.65
21.02.04_17:02:33,asparagus,44.46
21.02.04_17:30:38,cucumber,47.43
21.02.04_18:00:26,cabbage,55.8
21.02.04_18:17:18,cucumber,58.76
21.02.04_18:40:18,asparagus,79.6
21.02.04_19:03:32,asparagus,73.26
21.02.04_19:35:52,cucumber,85.41
21.02.04_19:57:31,tomato,22.08
21.02.04_20:15:03,tomato,27.96
21.02.04_20:42:32,cucumber,24.58
21.02.04_21:12:40,cabbage,70.66
21.02.04_21:41:06,potato,25.55
21.02.04_22:04:35,carrot,50.02
21.02.04_22:28:15,potato,47.67
21.02.04_22:57:32,cabbage,83.89
21.02.04_23:26:53,asparagus,20.88
21.02.04_23:54:25,cabbage,60.67
21.02.05_00:26:11,asparagus,69.28
21.02.05_00:49:43,asparagus,34.22
21.02.05_01:19:05,cabbage,46.43
21.02.05_01:41:13,asparagus,58.1
21.02.05_02:01:31,potato,93.28
21.02.05_02:29:53,asparagus,64.15
21.02.05_02:55:36,carrot,12.39
21.02.05_03:21:51,potato,79.01
21.02.05_03:51:19,tomato,32.19
21.02.05_04:15:09,asparagus,58.05
21.02.05_04:39:24,cucumber,56.43
21.02.05_05:09:00,asparagus,53.98
21.02.05_05:27:14,potato,87.81
21.02.05_05:45:55,tomato,70.05
21.02.05_06:11:25,asparagus,87.74
21.02.05_06:30:04,carrot,83.05
21.02.05_07:01:37,potato,29.3
21.02.05_07:22:16,tomato,70.62
21.02.05_07:41:18,cabbage,35.08
21.02.05_08:08:15,asparagus,42.08
21.02.05_08:28:25,tomato,90.99
21.02.05_08:54:27,asparagus,77.09
21.02.05_09:15:35,asparagus,34.0
21.02.05_09:42:52,tomato,71.91
21.02.05_10:14:49,tomato,36.05
21.02.05_10:44:53,carrot,17.51
21.02.05_11:05:21,asparagus,19.5
21.02.05_11:32:15,cabbage,89.65
21.02.05_11:50:12,tomato,37.66
21.02.05_12:13:14,potato,19.0
21.02.05_12:41:16,cucumber,53.85
21.02.05_12:59:22,asparagus,92.55
21.02.05_13:17:17,tomato,78.64
21.02.05_13:50:20,cabbage,96.55
21.02.05_14:18:47,asparagus,17.83
21.02.05_14:41:29,cabbage,70.67
21.02.05_14:59:21,cucumber,83.87
21.02.05_15:28:15,potato,80.19
21.02.05_15:51:40,potato,98.51
21.02.05_16:12:36,carrot,58.53
21.02.05_16:31:08,carrot,66.7
21.02.05_16:49:40,cucumber,98.63
21.02.05_17:14:02,asparagus,67.66
21.02.05_17:31:58,cabbage,45.66
21.02.05_17:52:50,asparagus,22.47
21.02.05_18:16:50,asparagus,62.53
21.02.05_18:37:41,asparagus,44.36
21.02.05_19:03:43,asparagus,70.43
21.02.05_19:30:39,tomato,34.46
21.02.05_19:51:50,cucumber,50.2
21.02.05_20:19:20,cabbage,33.75
21.02.05_20:41:45,cabbage,18.52
21.02.05_21:05:52,tomato,34.92
21.02.05_21:36:24,potato,9.85
21.02.05_21:56:46,cabbage,33.77
21.02.05_22:19:17,tomato,55.92
21.02.05_22:45:29,asparagus,91.67
21.02.05_23:08:55,potato,38.5
21.02.05_23:36:35,tomato,67.01
21.02.05_23:55:45,cucumber,62.73
21.02.06_00:20:27,cucumber,36.5
21.02.06_00:46:21,potato,48.39
21.02.06_01:07:01,potato,99.83
21.02.06_01:36:33,cabbage,56.86
21.02.06_02:03:11,tomato,46.11
21.02.06_02:35:38,tomato,20.03
21.02.06_03:07:33,cucumber,92.11
21.02.06_03:25:49,cucumber,58.95
21.02.06_03:49:50,potato,13.63
21.02.06_04:13:55,potato,54.03
21.02.06_04:32:58,cucumber,38.44
21.02.06_04:57:45,asparagus,22.17
21.02.06_05:29:26,tomato,25.29
21.02.06_05:51:23,potato,86.8
21.02.06_06:21:52,carrot,53.83
21.02.06_06:50:01,potato,10.07
21.02.06_07:12:11,cabbage,73.72
21.02.06_07:34:59,cabbage,17.95
21.02.06_07:53:18,asparagus,70.23
21.02.06_08:11:28,cabbage,64.53
21.02.06_08:42:23,carrot,62.61
21.02.06_09:07:44,cabbage,71.03
21.02.06_09:38:33,potato,89.71
21.02.06_10:07:14,cucumber,70.74
21.02.06_10:39:44,asparagus,37.63
21.02.06_10:58:53,potato,5.29
21.02.06_11:29:36,cucumber,28.82
21.02.06_11:58:09,carrot,30.08
21.02.06_12:24:46,cucumber,58.1
21.02.06_12:51:38,tomato,91.6
21.02.06_13:21:22,asparagus,37.26
21.02.06_13:46:25,cabbage,37.27
21.02.06_14:06:11,carrot,19.26
21.02.06_14:32:01,cabbage,37.7
21.02.06_15:04:14,carrot,93.38
21.02.06_15:27:15,asparagus,73.88
21.02.06_15:55:48,tomato,89.18
21.02.06_16:24:35,cabbage,39.5
21.02.06_16:43:29,asparagus,32.89
21.02.06_17:16:44,cabbage,17.73
21.02.06_17:43:15,carrot,48.88
21.02.06_18:03:21,carrot,87.39
21.02.06_18:24:36,asparagus,77.74
21.02.06_18:57:20,tomato,96.35
21.02.06_19:21:56,cucumber,15.32
21.02.06_19:40:13,potato,60.31
21.02.06_20:11:14,cabbage,20.27
21.02.06_20:42:45,cabbage,60.04
21.02.06_21:04:02,tomato,46.62
21.02.06_21:30:37,potato,88.42
21.02.06_21:58:49,asparagus,75.74
21.02.06_22:26:26,cabbage,49.62
21.02.06_22:44:24,carrot,39.53
21.02.06_23:11:43,asparagus,54.03
21.02.06_23:43:13,cucumber,30.72
21.02.07_00:09:18,tomato,36.17
21.02.07_00:41:34,tomato,31.19
21.02.07_01:08:20,potato,25.5
21.02.07_01:33:53,cucumber,77.7
21.02.07_01:52:05,cabbage,21.58
21.02.07_02:11:55,potato,8.42
21.02.07_02:35:50,potato,80.5
21.02.07_03:04:36,potato,93.19
21.02.07_03:35:06,cabbage,13.09
21.02.07_03:58:46,carrot,42.87
21.02.07_04:30:33,cabbage,25.63
21.02.07_05:01:49,tomato,64.85
21.02.07_05:23:19,carrot,77.04
21.02.07_05:50:19,cucumber,51.53
21.02.07_06:19:03,carrot,45.13
21.02.07_06:38:46,cucumber,17.29
21.02.07_06:58:51,carrot,71.88
21.02.07_07:18:42,tomato,96.04
21.02.07_07:36:58,cucumber,74.32
21.02.07_08:05:25,asparagus,61.45
21.02.07_08:37:04,tomato,7.77
21.02.07_08:59:42,tomato,93.39
21.02.07_09:28:29,cabbage,86.06
21.02.07_10:01:26,cucumber,44.15
21.02.07_10:33:39,tomato,12.96
21.02.07_11:04:32,asparagus,86.93
21.02.07_11:26:31,potato,87.46
21.02.07_11:58:37,tomato,71.78
21.02.07_12:21:11,tomato,99.41
21.02.07_12:48:31,carrot,92.41
21.02.07_13:18:59,carrot,35.03
21.02.07_13:48:48,cucumber,46.23
21.02.07_14:06:16,potato,60.5
21.02.07_14:24:56,carrot,89.79
21.02.07_14:42:43,potato,38.45
21.02.07_15:04:22,asparagus,47.38
21.02.07_15:31:42,asparagus,76.8
21.02.07_16:01:55,potato,55.61
21.02.07_16:31:20,tomato,65.99
21.02.07_16:56:52,cucumber,59.31
21.02.07_17:15:40,cucumber,93.0
21.02.07_17:35:35,carrot,51.67
21.02.07_17:55:01,carrot,17.11
21.02.07_18:25:51,cucumber,43.49
21.02.07_18:43:14,carrot,97.64
21.02.07_19:10:26,carrot,71.54
21.02.07_19:33:21,potato,68.45
21.02.07_20:01:26,asparagus,75.09
21.02.07_20:18:54,tomato,75.07
21.02.07_20:42:43,carrot,64.42
21.02.07_21:02:03,cucumber,24.81
21.02.07_21:32:49,tomato,8.08
21.02.07_21:58:14,potato,74.18
21.02.07_22:20:59,cabbage,76.24
21.02.07_22:53:03,cabbage,83.53
21.02.07_23:13:56,potato,19.76
21.02.07_23:41:02,cabbage,58.81
21.02.08_00:10:39,asparagus,64.25
21.02.08_00:39:04,potato,64.87
21.02.08_01:03:20,cabbage,95.58
21.02.08_01:23:15,tomato,9.01
21.02.08_01:46:55,cabbage,49.15
21.02.08_02:12:42,cabbage,79.63
21.02.08_02:41:39,potato,29.5
21.02.08_03:06:29,cucumber,98.96
21.02.08_03:32:17,tomato,83.03
21.02.08_03:54:23,asparagus,48.8
21.02.08_04:23:36,cucumber,34.0
21.02.08_04:48:51,potato,64.69
21.02.08_05:07:22,cucumber,17.61
21.02.08_05:38:28,cucumber,8.11
21.02.08_06:07:51,tomato,77.46
21.02.08_06:36:18,asparagus,26.56
21.02.08_06:53:22,cabbage,37.53
21.02.08_07:10:15,tomato,63.12
21.02.08_07:28:15,cucumber,75.35
21.02.08_08:01:29,cabbage,12.4
21.02.08_08:31:01,cabbage,36.07
21.02.08_09:03:03,carrot,45.72
21.02.08_09:22:10,cabbage,5.75
21.02.08_09:47:34,tomato,70.24
21.02.08_10:10:35,cabbage,38.07
21.02.08_10:43:00,tomato,21.59
21.02.08_11:07:29,asparagus,64.07
21.02.08_11:29:24,carrot,93.38
21.02.08_11:55:19,asparagus,31.37
21.02.08_12:18:24,cucumber,53.08
21.02.08_12:40:26,cabbage,18.83
21.02.08_13:03:28,asparagus,25.61
21.02.08_13:25:44,cabbage,83.15
21.02.08_13:48:16,cabbage,26.42
21.02.08_14:15:20,asparagus,77.01
21.02.08_14:45:34,carrot,44.65
21.02.08_15:07:40,potato,10.98
21.02.08_15:34:50,cucumber,57.32
21.02.08_15:53:40,cabbage,45.01
21.02.08_16:26:34,cabbage,13.03
21.02.08_16:55:39,cabbage,14.49
21.02.08_17:27:37,carrot,60.46
21.02.08_17:56:03,potato,39.55
21.02.08_18:13:18,cucumber,30.97
21.02.08_18:35:41,cucumber,19.69
21.02.08_18:54:27,cucumber,53.07
21.02.08_19:13:53,cucumber,12.74
21.02.08_19:43:20,asparagus,32.52
21.02.08_20:02:43,cucumber,73.38
21.02.08_20:23:02,cabbage,5.64
21.02.08_20:39:44,cucumber,55.79
21.02.08_21:09:53,cabbage,58.78
21.02.08_21:37:52,cucumber,71.88
21.02.08_22:01:36,potato,44.77
21.02.08_22:28:29,asparagus,64.11
21.02.08_22:48:38,carrot,19.69
21.02.08_23:12:23,cucumber,52.49
21.02.08_23:38:17,carrot,61.82
21.02.09_00:08:23,cucumber,67.86
21.02.09_00:38:11,cucumber,56.32
21.02.09_01:06:06,potato,54.49
21.02.09_01:31:23,asparagus,41.87
21.02.09_01:56:02,asparagus,56.59
21.02.09_02:23:51,cabbage,21.72
21.02.09_02:55:51,potato,55.34
21.02.09_03:18:48,potato,95.18
21.02.09_03:42:03,cucumber,22.91
21.02.09_04:12:07,cabbage,23.05
21.02.09_04:30:24,asparagus,73.07
21.02.09_05:00:19,asparagus,84.78
21.02.09_05:20:09,potato,33.26
21.02.09_05:37:25,asparagus,50.14
21.02.09_06:10:23,carrot,71.31
21.02.09_06:36:03,asparagus,83.86
21.02.09_07:07:55,cabbage,5.67
21.02.09_07:28:48,cabbage,67.57
21.02.09_08:00:50,carrot,77.08
21.02.09_08:20:09,potato,6.8
21.02.09_08:40:27,cabbage,94.82
21.02.09_09:12:45,cucumber,61.82
21.02.09_09:43:29,tomato,57.93
21.02.09_10:01:19,asparagus,71.6
21.02.09_10:21:38,asparagus,59.79
21.02.09_10:42:32,asparagus,14.92
21.02.09_11:13:49,carrot,10.75
21.02.09_11:39:23,cabbage,70.54
21.02.09_12:06:32,carrot,20.17
21.02.09_12:36:30,cabbage,33.46
21.02.09_13:05:07,cucumber,8.18
21.02.09_13:38:06,cucumber,84.84
21.02.09_14:07:40,potato,11.44
21.02.09_14:25:25,carrot,27.67
21.02.09_14:55:35,carrot,90.7
21.02.09_15:12:24,cucumber,6.73
21.02.09_15:38:54,potato,62.58
21.02.09_16:04:12,potato,90.73
21.02.09_16:28:29,cabbage,54.5
21.02.09_16:48:16,carrot,55.32
21.02.09_17:15:29,cabbage,83.98
21.02.09_17:48:06,carrot,23.36
21.02.09_18:06:45,asparagus,91.67
21.02.09_18:38:36,potato,71.91
21.02.09_19:01:19,cabbage,6.27
21.02.09_19:18:01,asparagus,21.78
21.02.09_19:39:55,cabbage,59.69
21.02.09_19:58:57,tomato,16.14
21.02.09_20:31:21,carrot,58.05
21.02.09_20:50:13,asparagus,63.04
21.02.09_21:15:00,asparagus,67.03
21.02.09_21:45:39,asparagus,5.38
21.02.09_22:12:41,asparagus,46.23
21.02.09_22:35:37,cabbage,28.32
21.02.09_23:05:38,potato,35.49
21.02.09_23:35:40,cucumber,81.58
21.02.10_00:07:49,asparagus,5.4
21.02.10_00:25:26,cabbage,70.33
21.02.10_00:53:17,carrot,8.78
21.02.10_01:24:10,cabbage,25.03
21.02.10_01:45:10,cabbage,29.02
21.02.10_02:04:45,cucumber,89.95
21.02.10_02:35:12,cabbage,91.41
21.02.10_02:57:57,cabbage,91.63
21.02.10_03:20:17,potato,99.32
21.02.10_03:45:54,cabbage,96.62
21.02.10_04:14:12,cabbage,43.21
21.02.10_04:39:57,potato,92.66
21.02.10_04:57:45,tomato,83.39
21.02.10_05:21:18,cucumber,22.25
21.02.10_05:48:25,cabbage,27.42
21.02.10_06:07:50,asparagus,5.51
21.02.10_06:32:43,tomato,86.27
21.02.10_06:58:00,cabbage,10.04
21.02.10_07:27:14,carrot,86.86
21.02.10_07:51:50,asparagus,30.75
21.02.10_08:09:06,potato,19.58
21.02.10_08:41:29,carrot,75.89
21.02.10_08:59:19,cucumber,74.98
21.02.10_09:25:08,tomato,68.24
21.02.10_09:53:07,potato,74.9
21.02.10_10:23:27,carrot,7.54
21.02.10_10:43:53,tomato,92.1
21.02.10_11:04:59,potato,58.57
21.02.10_11:22:30,asparagus,78.96
21.02.10_11:40:28,potato,83.77
21.02.10_12:07:52,carrot,21.9
21.02.10_12:25:09,cabbage,28.16
21.02.10_12:48:00,asparagus,57.8
21.02.10_13:07:11,potato,8.79
21.02.10_13:37:51,cabbage,66.14
21.02.10_14:11:01,cabbage,43.96
21.02.10_14:31:08,potato,26.1
21.02.10_14:50:00,potato,21.33
21.02.10_15:18:31,carrot,69.27
21.02.10_15:36:40,tomato,33.66
21.02.10_16:01:58,tomato,34.31
21.02.10_16:27:24,tomato,18.85
21.02.10_16:52:11,cabbage,44.59
21.02.10_17:25:02,cucumber,86.28
21.02.10_17:44:11,tomato,7.03
21.02.10_18:06:14,cucumber,40.16
21.02.10_18:25:30,cabbage,92.45
21.02.10_18:57:20,cucumber,32.25
21.02.10_19:24:14,carrot,42.84
21.02.10_19:48:27,tomato,77.87
21.02.10_20:10:32,carrot,73.45
21.02.10_20:41:03,cucumber,10.28
21.02.10_21:11:17,carrot,24.27
21.02.10_21:30:56,tomato,99.2
21.02.10_21:57:19,potato,51.05
21.02.10_22:22:55,asparagus,45.21
21.02.10_22:42:28,carrot,99.66
21.02.10_23:11:30,potato,6.13
21.02.10_23:33:43,cucumber,19.99
21.02.11_00:04:35,cucumber,18.68
21.02.11_00:25:01,potato,15.74
21.02.11_00:54:49,carrot,8.7
21.02.11_01:20:00,cabbage,95.63
21.02.11_01:49:49,potato,81.19
21.02.11_02:13:47,tomato,12.69
21.02.11_02:37:50,tomato,39.03
21.02.11_02:59:26,carrot,61.27
21.02.11_03:19:17,tomato,73.44
21.02.11_03:37:45,tomato,90.13
21.02.11_04:00:24,cucumber,85.33
21.02.11_04:20:19,tomato,35.23
21.02.11_04:38:43,tomato,35.93
21.02.11_04:58:59,asparagus,92.89
21.02.11_05:23:59,cabbage,43.42
21.02.11_05:51:47,carrot,32.0
21.02.11_06:17:45,carrot,82.75
21.02.11_06:47:00,carrot,90.36
21.02.11_07:18:05,cabbage,29.84
21.02.11_07:40:46,carrot,31.67
21.02.11_08:02:51,potato,70.96
21.02.11_08:34:17,potato,30.31
21.02.11_09:02:16,cabbage,7.35
21.02.11_09:21:05,carrot,69.56
21.02.11_09:46:32,tomato,27.88
21.02.11_10:11:55,tomato,79.68
21.02.11_10:31:27,tomato,64.81
21.02.11_11:02:05,cabbage,28.5
21.02.11_11:22:18,asparagus,51.56
21.02.11_11:51:58,tomato,37.58
21.02.11_12:16:19,asparagus,44.0
21.02.11_12:35:13,asparagus,83.83
21.02.11_13:04:29,carrot,40.66
21.02.11_13:24:53,cucumber,80.76
21.02.11_13:50:12,potato,39.99
21.02.11_14:20:00,asparagus,36.79
21.02.11_14:41:34,cucumber,13.68
21.02.11_15:08:50,asparagus,88.27
21.02.11_15:26:44,asparagus,89.82
21.02.11_15:50:51,cabbage,16.94
21.02.11_16:08:54,cabbage,24.35
21.02.11_16:40:58,potato,54.39
21.02.11_17:11:18,tomato,45.68
21.02.11_17:28:01,potato,9.84
21.02.11_17:56:41,cabbage,80.88
21.02.11_18:29:13,potato,92.03
21.02.11_18:51:54,carrot,75.47
21.02.11_19:12:39,asparagus,74.72
21.02.11_19:38:39,cucumber,23.12
21.02.11_19:56:34,carrot,29.01
21.02.11_20:16:58,asparagus,10.7
21.02.11_20:43:42,potato,48.58
21.02.11_21:03:04,cucumber,37.43
21.02.11_21:31:43,carrot,15.54
21.02.11_22:01:46,cabbage,54.29
21.02.11_22:23:45,tomato,30.25
21.02.11_22:42:05,potato,97.75
21.02.11_23:12:01,carrot,60.0
21.02.11_23:32:18,tomato,77.33
21.02.12_00:00:55,carrot,18.33
21.02.12_00:24:22,cabbage,51.07
21.02.12_00:41:25,tomato,7.96
21.02.12_00:59:02,cucumber,56.22
21.02.12_01:16:23,carrot,93.62
21.02.12_01:38:03,tomato,86.97
21.02.12_02:09:26,carrot,45.27
21.02.12_02:36:52,carrot,76.98
21.02.12_03:02:26,cabbage,24.94
21.02.12_03:29:18,potato,35.58
21.02.12_03:48:37,cabbage,67.1
21.02.12_04:20:43,carrot,14.0
21.02.12_04:47:12,carrot,43.09
21.02.12_05:14:20,potato,29.0
21.02.12_05:34:02,tomato,72.16
21.02.12_05:55:05,cabbage,44.17
21.02.12_06:26:03,tomato,60.16
21.02.12_06:42:59,tomato,91.26
21.02.12_07:12:37,potato,63.31
21.02.12_07:34:47,asparagus,38.91
21.02.12_07:55:36,carrot,90.33
21.02.12_08:17:02,carrot,71.21
21.02.12_08:34:54,cucumber,30.77
21.02.12_09:06:41,carrot,23.66
21.02.12_09:28:49,asparagus,25.06
21.02.12_09:48:28,tomato,38.45
21.02.12_10:13:43,cabbage,73.06
21.02.12_10:43:26,potato,30.82
21.02.12_11:10:23,cucumber,28.3
21.02.12_11:28:06,cucumber,9.81
21.02.12_11:55:38,potato,25.8
21.02.12_12:14:54,tomato,57.03
21.02.12_12:31:42,tomato,93.04
21.02.12_13:03:54,cucumber,12.93
21.02.12_13:23:51,asparagus,71.32
21.02.12_13:49:43,carrot,62.63
21.02.12_14:14:21,asparagus,62.71
21.02.12_14:41:00,cabbage,53.56
21.02.12_15:00:43,cabbage,54.27
21.02.12_15:26:56,potato,68.79
21.02.12_15:46:31,asparagus,19.67
21.02.12_16:18:05,carrot,30.86
21.02.12_16:38:12,cucumber,7.09
21.02.12_17:02:33,cucumber,48.99
21.02.12_17:26:25,tomato,48.75
21.02.12_17:54:38,tomato,96.55
21.02.12_18:22:52,cucumber,60.53
21.02.12_18:52:00,asparagus,55.78
21.02.12_19:20:36,cucumber,61.93
21.02.12_19:46:53,asparagus,58.34
21.02.12_20:19:07,asparagus,16.57
21.02.12_20:51:49,potato,31.04
21.02.12_21:21:07,cabbage,29.49
21.02.12_21:45:28,cucumber,53.88
21.02.12_22:08:52,tomato,46.92
21.02.12_22:28:42,cucumber,13.96
21.02.12_23:01:37,tomato,44.59
21.02.12_23:19:57,potato,47.03
21.02.12_23:43:19,tomato,48.2
21.02.13_00:05:24,cucumber,5.31
21.02.13_00:25:20,cabbage,30.59
21.02.13_00:45:45,cabbage,95.42
21.02.13_01:02:59,cucumber,60.39
21.02.13_01:26:03,tomato,19.18
21.02.13_01:50:01,tomato,8.31
21.02.13_02:11:06,cabbage,6.9
21.02.13_02:32:18,cabbage,18.82
21.02.13_03:03:32,cabbage,11.54
21.02.13_03:25:12,cabbage,30.15
21.02.13_03:57:04,tomato,77.71
21.02.13_04:24:34,tomato,57.51
21.02.13_04:55:33,asparagus,22.54
21.02.13_05:14:56,carrot,80.92
21.02.13_05:36:38,cabbage,71.73
21.02.13_05:54:13,cucumber,45.35
21.02.13_06:27:32,potato,51.32
21.02.13_06:56:10,potato,27.82
21.02.13_07:16:08,cabbage,78.0
21.02.13_07:33:50,asparagus,97.91
21.02.13_08:02:13,cucumber,20.0
21.02.13_08:26:32,potato,36.79
21.02.13_08:49:44,potato,72.19
21.02.13_09:14:20,carrot,16.91
21.02.13_09:37:08,cabbage,64.61
21.02.13_10:04:56,carrot,56.92
21.02.13_10:25:07,cabbage,63.46
21.02.13_10:46:03,asparagus,55.46
21.02.13_11:13:24,potato,31.66
21.02.13_11:46:12,carrot,30.23
21.02.13_12:04:01,carrot,42.95
21.02.13_12:29:09,cabbage,91.69
21.02.13_12:54:41,cabbage,79.32
21.02.13_13:24:29,asparagus,42.44
21.02.13_13:53:41,cucumber,47.01
21.02.13_14:14:28,cucumber,49.77
21.02.13_14:39:33,carrot,30.24
21.02.13_15:02:01,cucumber,48.76
21.02.13_15:20:43,asparagus,88.68
21.02.13_15:46:05,cucumber,90.3
21.02.13_16:05:48,carrot,97.28
21.02.13_16:33:27,asparagus,66.02
21.02.13_16:50:26,cabbage,61.31
21.02.13_17:17:07,potato,6.17
21.02.13_17:43:21,asparagus,73.57
21.02.13_18:14:50,carrot,38.38
21.02.13_18:33:58,cabbage,76.92
21.02.13_18:56:04,tomato,78.19
21.02.13_19:25:09,cabbage,51.0
21.02.13_19:42:36,potato,81.14
21.02.13_20:05:22,asparagus,38.17
21.02.13_20:32:13,potato,38.43
21.02.13_20:55:42,tomato,18.7
21.02.13_21:26:50,cucumber,61.8
21.02.13_21:44:04,asparagus,55.74
21.02.13_22:11:28,cucumber,76.66
21.02.13_22:44:16,potato,79.09
21.02.13_23:02:29,potato,32.06
21.02.13_23:21:07,cabbage,70.14
21.02.13_23:48:14,carrot,8.89
21.02.14_00:20:05,cucumber,9.36
21.02.14_00:53:07,carrot,41.64
21.02.14_01:15:25,cabbage,96.69
21.02.14_01:32:59,tomato,53.53
21.02.14_02:01:02,asparagus,59.85
21.02.14_02:28:43,tomato,40.18
21.02.14_02:49:05,potato,98.52
21.02.14_03:13:07,cabbage,32.57
21.02.14_03:43:58,cabbage,24.81
21.02.14_04:07:26,cucumber,7.84
21.02.14_04:26:44,potato,6.16
21.02.14_04:46:25,tomato,60.25
21.02.14_05:08:14,potato,75.38
21.02.14_05:30:48,asparagus,23.47
21.02.14_05:53:35,cabbage,94.5
21.02.14_06:15:06,carrot,59.52
21.02.14_06:39:21,potato,70.0
21.02.14_06:59:53,cabbage,5.41
21.02.14_07:31:03,cucumber,87.49
21.02.14_08:01:06,potato,48.16
21.02.14_08:32:49,asparagus,48.84
21.02.14_08:53:43,tomato,30.32
21.02.14_09:15:16,cucumber,58.8
21.02.14_09:39:55,potato,57.75
21.02.14_09:57:17,cabbage,78.52
21.02.14_10:25:30,cucumber,67.48
21.02.14_10:56:10,carrot,37.48
21.02.14_11:26:51,cucumber,95.07
21.02.14_11:45:11,asparagus,8.22
21.02.14_12:04:07,asparagus,18.52
21.02.14_12:34:28,cucumber,7.38
21.02.14_12:59:42,tomato,15.28
21.02.14_13:23:34,cucumber,13.19
21.02.14_13:56:28,tomato,46.56
21.02.14_14:27:02,cucumber,28.84
21.02.14_14:58:31,asparagus,26.55
21.02.14_15:22:18,asparagus,62.93
21.02.14_15:55:14,cabbage,99.86
21.02.14_16:15:28,asparagus,81.19
21.02.14_16:39:15,cucumber,54.4
21.02.14_16:56:10,tomato,24.46
21.02.14_17:16:57,cabbage,24.75
21.02.14_17:39:36,potato,69.92
21.02.14_18:01:57,potato,7.85
21.02.14_18:22:23,tomato,89.1
21.02.14_18:40:17,asparagus,44.61
21.02.14_18:58:21,tomato,15.71
21.02.14_19:20:09,carrot,9.12
21.02.14_19:49:52,cabbage,43.22
21.02.14_20:06:55,asparagus,60.96
21.02.14_20:25:31,cucumber,31.07
21.02.14_20:49:11,cucumber,87.32
21.02.14_21:18:25,potato,55.63
21.02.14_21:47:39,cabbage,25.49
21.02.14_22:12:23,cucumber,34.02
21.02.14_22:38:17,potato,66.09
21.02.14_23:02:30,cabbage,90.68
21.02.14_23:21:28,tomato,65.29
21.02.14_23:44:19,cucumber,73.53
21.02.15_00:02:10,potato,51.9
21.02.15_00:19:54,cabbage,6.56
21.02.15_00:50:35,cabbage,94.93
21.02.15_01:09:15,cucumber,25.26
21.02.15_01:32:16,potato,41.5
21.02.15_01:57:08,asparagus,14.52
21.02.15_02:26:14,tomato,11.16
21.02.15_02:45:45,cucumber,26.4
21.02.15_03:07:20,cucumber,12.17
21.02.15_03:38:00,carrot,15.47
21.02.15_04:00:34,cucumber,19.25
21.02.15_04:33:05,cucumber,81.85
21.02.15_05:01:42,carrot,49.89
21.02.15_05:27:30,asparagus,82.52
21.02.15_05:53:44,asparagus,82.58
21.02.15_06:24:07,asparagus,53.15
21.02.15_06:51:25,carrot,28.07
21.02.15_07:10:24,potato,45.53
21.02.15_07:41:32,tomato,46.39
21.02.15_08:06:37,potato,22.67
21.02.15_08:32:35,cucumber,47.89
21.02.15_08:52:27,tomato,28.2
21.02.15_09:24:46,tomato,45.18
21.02.15_09:42:24,cabbage,18.22
21.02.15_10:08:05,tomato,62.05
21.02.15_10:25:58,cucumber,13.51
21.02.15_10:54:12,tomato,34.35
21.02.15_11:21:53,cabbage,31.41
21.02.15_11:41:06,cabbage,64.97
21.02.15_12:00:25,cabbage,5.22
21.02.15_12:31:33,carrot,10.73
21.02.15_13:00:09,tomato,24.38
21.02.15_13:26:27,cabbage,7.8
21.02.15_13:54:52,tomato,53.68
21.02.15_14:15:45,cabbage,83.22
21.02.15_14:44:01,cabbage,97.88
21.02.15_15:07:11,cabbage,14.64
21.02.15_15:33:21,potato,24.59
21.02.15_16:05:19,cucumber,24.25
21.02.15_16:32:28,asparagus,37.77
21.02.15_16:59:32,tomato,15.01
21.02.15_17:28:40,cucumber,46.04
21.02.15_17:47:45,carrot,45.63
21.02.15_18:04:49,tomato,23.78
21.02.15_18:25:03,potato,23.73
21.02.15_18:42:52,cucumber,83.08
21.02.15_19:06:38,tomato,19.6
21.02.15_19:28:49,potato,54.8
21.02.15_19:54:40,cucumber,56.56
21.02.15_20:19:34,asparagus,89.92
21.02.15_20:41:35,carrot,28.97
21.02.15_21:13:47,cabbage,79.45
21.02.15_21:44:52,cucumber,36.55
21.02.15_22:12:29,carrot,64.25
21.02.15_22:41:20,asparagus,92.82
21.02.15_23:02:20,cabbage,62.08
21.02.15_23:29:50,carrot,97.7
21.02.15_23:58:18,cabbage,68.46
21.02.16_00:30:27,cucumber,71.57
21.02.16_00:59:03,carrot,43.54
21.02.16_01:18:56,potato,70.74
21.02.16_01:42:03,asparagus,23.02
21.02.16_02:06:39,tomato,10.06
21.02.16_02:27:49,carrot,24.24
21.02.16_02:59:01,potato,63.59
21.02.16_03:24:59,asparagus,64.76
21.02.16_03:46:33,asparagus,56.56
21.02.16_04:12:20,tomato,69.91
21.02.16_04:36:42,potato,72.02
21.02.16_05:06:24,cucumber,75.83
21.02.16_05:36:09,tomato,26.34
21.02.16_06:01:42,tomato,72.36
21.02.16_06:34:10,potato,69.63
21.02.16_06:51:19,potato,74.65
21.02.16_07:10:40,carrot,72.6
21.02.16_07:42:17,tomato,13.09
21.02.16_08:07:43,potato,59.46
21.02.16_08:32:11,cucumber,79.59
21.02.16_09:00:18,carrot,9.77
21.02.16_09:26:37,tomato,33.44
21.02.16_09:56:35,asparagus,23.11
21.02.16_10:24:08,cucumber,43.53
21.02.16_10:44:54,potato,45.49
21.02.16_11:04:20,carrot,88.43
21.02.16_11:26:52,asparagus,93.19
21.02.16_11:55:44,cucumber,76.26
21.02.16_12:24:42,tomato,64.74
21.02.16_12:56:43,cabbage,63.17
21.02.16_13:25:24,potato,64.2
21.02.16_13:50:06,cabbage,37.61
21.02.16_14:23:20,tomato,22.58
21.02.16_14:50:49,carrot,31.2
21.02.16_15:18:53,cabbage,89.44
21.02.16_15:39:03,cabbage,26.12
21.02.16_16:04:31,carrot,10.17
21.02.16_16:21:59,carrot,41.0
21.02.16_16:47:45,tomato,70.26
21.02.16_17:07:30,carrot,94.43
21.02.16_17:27:07,tomato,95.88
21.02.16_17:58:58,cabbage,67.9
21.02.16_18:31:37,carrot,37.45
21.02.16_19:00:59,cabbage,59.94
21.02.16_19:18:47,carrot,25.84
21.02.16_19:49:59,cabbage,30.36
21.02.16_20:20:35,potato,34.31
21.02.16_20:37:36,cabbage,85.36
21.02.16_21:01:02,carrot,54.19
21.02.16_21:27:12,cucumber,29.96
21.02.16_22:00:17,cucumber,73.66
21.02.16_22:18:14,cabbage,51.23
21.02.16_22:49:13,tomato,96.4
21.02.16_23:14:32,carrot,56.72
21.02.16_23:34:43,potato,80.76
21.02.16_23:52:23,carrot,74.62
21.02.17_00:24:38,cabbage,36.86
21.02.17_00:48:56,asparagus,67.82
21.02.17_01:15:27,cabbage,26.41
21.02.17_01:47:28,tomato,67.56
21.02.17_02:10:17,asparagus,30.51
21.02.17_02:29:32,carrot,60.71
21.02.17_03:02:03,cabbage,61.93
21.02.17_03:35:11,cabbage,74.78
21.02.17_03:52:36,potato,53.58
21.02.17_04:24:06,potato,19.5
21.02.17_04:54:18,potato,25.47
21.02.17_05:23:42,carrot,94.39
21.02.17_05:56:55,cabbage,85.84
21.02.17_06:19:31,carrot,55.19
21.02.17_06:45:34,potato,87.89
21.02.17_07:07:05,asparagus,47.96
21.02.17_07:36:21,asparagus,56.45
21.02.17_08:04:30,cabbage,8.21
21.02.17_08:35:59,tomato,90.4
21.02.17_08:52:51,tomato,22.31
21.02.17_09:17:36,potato,74.9
21.02.17_09:47:42,cabbage,71.6
21.02.17_10:06:05,potato,58.31
21.02.17_10:25:57,cucumber,51.79
21.02.17_10:49:36,cucumber,50.53
21.02.17_11:13:07,potato,77.6
21.02.17_11:35:51,cabbage,26.64
21.02.17_12:08:28,asparagus,66.12
21.02.17_12:40:51,potato,57.91
21.02.17_13:10:57,cucumber,89.93
21.02.17_13:28:13,carrot,56.98
21.02.17_13:44:56,potato,83.7
21.02.17_14:05:05,carrot,39.76
21.02.17_14:27:54,cabbage,89.0
21.02.17_14:46:55,asparagus,34.28
21.02.17_15:11:00,asparagus,99.59
21.02.17_15:37:07,potato,79.26
21.02.17_15:56:01,asparagus,13.87
21.02.17_16:18:20,cabbage,54.39
21.02.17_16:42:56,asparagus,96.55
21.02.17_17:06:40,tomato,83.91
21.02.17_17:31:16,potato,29.05
21.02.17_17:56:13,potato,14.49
21.02.17_18:18:35,tomato,17.53
21.02.17_18:49:34,potato,56.63
21.02.17_19:09:04,cucumber,18.36
21.02.17_19:40:06,tomato,66.99
21.02.17_20:00:07,cabbage,77.67
21.02.17_20:31:17,cabbage,83.95
21.02.17_20:50:53,carrot,68.58
21.02.17_21:09:21,cucumber,12.0
21.02.17_21:30:03,carrot,19.53
21.02.17_22:00:05,cucumber,44.86
21.02.17_22:30:43,cucumber,39.18
21.02.17_22:53:37,asparagus,99.28
21.02.17_23:26:22,potato,74.55
21.02.17_23:55:23,tomato,52.52
21.02.18_00:14:35,cabbage,83.09
21.02.18_00:45:40,asparagus,21.38
21.02.18_01:17:04,carrot,95.04
21.02.18_01:46:37,cucumber,26.93
21.02.18_02:09:50,carrot,7.19
21.02.18_02:33:24,tomato,72.54
21.02.18_02:50:26,carrot,77.92
21.02.18_03:13:51,tomato,71.2
21.02.18_03:34:04,carrot,93.09
21.02.18_04:00:19,asparagus,88.82
21.02.18_04:21:52,asparagus,11.02
21.02.18_04:55:03,cucumber,35.86
21.02.18_05:18:05,tomato,45.81
21.02.18_05:47:12,cabbage,35.1
21.02.18_06:18:02,asparagus,68.14
21.02.18_06:37:58,cabbage,61.81
21.02.18_07:05:34,asparagus,24.7
21.02.18_07:30:41,cucumber,11.47
21.02.18_07:58:48,cucumber,98.32
21.02.18_08:27:32,tomato,96.65
21.02.18_08:49:58,cucumber,27.5
21.02.18_09:18:31,tomato,45.86
21.02.18_09:42:16,asparagus,81.7
21.02.18_10:02:19,potato,30.94
21.02.18_10:22:33,cabbage,23.38
21.02.18_10:44:46,cucumber,78.9
21.02.18_11:16:40,cabbage,55.75
21.02.18_11:35:10,cucumber,25.49
21.02.18_11:55:11,carrot,8.23
21.02.18_12:20:26,cabbage,84.51
21.02.18_12:47:03,asparagus,61.8
21.02.18_13:12:59,cucumber,96.0
21.02.18_13:44:09,cucumber,83.98
21.02.18_14:17:03,potato,60.08
21.02.18_14:44:34,cabbage,76.35
21.02.18_15:13:12,potato,83.37
21.02.18_15:39:16,tomato,35.96
21.02.18_16:12:25,asparagus,74.57
21.02.18_16:30:25,cucumber,28.52
21.02.18_17:02:49,cucumber,32.82
21.02.18_17:23:22,carrot,11.19
21.02.18_17:54:26,asparagus,42.19
21.02.18_18:25:29,carrot,65.33
21.02.18_18:47:12,tomato,75.87
21.02.18_19:08:41,cucumber,63.7
21.02.18_19:38:57,potato,63.21
21.02.18_19:59:11,cucumber,8.58
21.02.18_20:19:46,tomato,82.74
21.02.18_20:46:51,cucumber,32.65
21.02.18_21:09:12,potato,15.45
21.02.18_21:33:52,cucumber,49.94
21.02.18_22:04:58,tomato,66.32
21.02.18_22:27:35,cucumber,96.26
21.02.18_22:49:13,carrot,21.29
21.02.18_23:13:54,tomato,29.13
21.02.18_23:45:03,potato,91.27
21.02.19_00:14:30,cabbage,10.17
21.02.19_00:32:26,asparagus,8.46
21.02.19_00:51:20,asparagus,28.33
21.02.19_01:19:44,cabbage,57.66
21.02.19_01:51:47,asparagus,12.81
21.02.19_02:19:51,potato,8.89
21.02.19_02:41:52,carrot,36.11
21.02.19_03:06:56,asparagus,26.69
21.02.19_03:29:08,tomato,74.47
21.02.19_03:47:24,asparagus,23.7
21.02.19_04:20:28,asparagus,72.04
21.02.19_04:52:03,tomato,52.69
21.02.19_05:24:51,cucumber,9.92
21.02.19_05:53:38,carrot,67.24
21.02.19_06:17:58,cabbage,72.76
21.02.19_06:44:12,asparagus,18.69
21.02.19_07:01:30,asparagus,15.89
21.02.19_07:20:52,carrot,60.77
21.02.19_07:42:44,potato,25.01
21.02.19_08:06:29,potato,53.76
21.02.19_08:36:16,potato,90.69
21.02.19_08:55:41,asparagus,57.34
21.02.19_09:20:18,potato,58.95
21.02.19_09:42:59,carrot,9.13
21.02.19_10:08:14,cabbage,23.03
21.02.19_10:29:56,potato,44.16
21.02.19_10:51:01,carrot,99.07
21.02.19_11:11:14,tomato,90.54
21.02.19_11:34:28,carrot,55.51
21.02.19_11:53:26,asparagus,42.79
21.02.19_12:24:43,asparagus,97.65
21.02.19_12:53:57,potato,77.37
21.02.19_13:23:19,cabbage,51.59
21.02.19_13:41:26,tomato,83.62
21.02.19_14:00:01,potato,33.95
21.02.19_14:25:28,carrot,36.23
21.02.19_14:53:01,cabbage,89.92
21.02.19_15:22:46,potato,51.0
21.02.19_15:43:01,carrot,30.43
21.02.19_16:15:53,cucumber,20.36
21.02.19_16:38:24,carrot,64.07
21.02.19_17:06:29,cabbage,83.81
21.02.19_17:24:41,asparagus,75.78
21.02.19_17:52:13,carrot,17.48
21.02.19_18:20:31,carrot,32.74
21.02.19_18:41:44,cucumber,55.12
21.02.19_18:58:52,asparagus,96.9
21.02.19_19:24:05,tomato,59.85
21.02.19_19:47:05,potato,11.76
21.02.19_20:09:48,potato,90.5
21.02.19_20:34:46,tomato,23.43
21.02.19_21:05:01,cucumber,31.04
21.02.19_21:25:58,asparagus,64.37
21.02.19_21:55:31,cucumber,86.92
21.02.19_22:13:53,potato,18.52
21.02.19_22:34:34,cucumber,29.85
21.02.19_22:55:37,tomato,83.82
21.02.19_23:23:52,tomato,67.39
21.02.19_23:55:36,cabbage,98.06
21.02.20_00:21:11,carrot,40.55
21.02.20_00:38:55,tomato,93.97
21.02.20_01:09:08,cabbage,46.63
21.02.20_01:30:38,tomato,41.74
21.02.20_01:50:02,asparagus,35.11
21.02.20_02:20:23,cucumber,40.3
21.02.20_02:42:54,cucumber,97.42
21.02.20_03:12:38,cabbage,14.63
21.02.20_03:34:29,cucumber,13.34
21.02.20_04:07:12,asparagus,31.0
21.02.20_04:36:16,potato,20.06
21.02.20_04:58:01,carrot,88.44
21.02.20_05:22:02,potato,76.09
21.02.20_05:51:03,cucumber,56.68
21.02.20_06:11:27,asparagus,20.49
21.02.20_06:28:08,cucumber,30.67
21.02.20_06:49:54,carrot,63.94
21.02.20_07:11:03,carrot,24.03
21.02.20_07:40:03,cucumber,94.61
21.02.20_08:05:54,cucumber,66.69
21.02.20_08:36:57,potato,14.74
21.02.20_08:57:17,carrot,37.53
21.02.20_09:22:59,asparagus,22.0
21.02.20_09:54:47,cabbage,5.32
21.02.20_10:14:50,carrot,7.95
21.02.20_10:46:43,tomato,17.43
21.02.20_11:18:45,asparagus,9.36
21.02.20_11:37:57,tomato,78.3
21.02.20_11:56:54,potato,78.51
21.02.20_12:20:22,carrot,83.19
21.02.20_12:42:45,potato,21.04
21.02.20_13:11:02,cabbage,60.97
21.02.20_13:37:59,potato,97.27
21.02.20_13:55:34,cabbage,18.35
21.02.20_14:20:26,carrot,90.32
21.02.20_14:47:15,potato,82.97
21.02.20_15:07:57,tomato,75.15
21.02.20_15:40:15,carrot,90.66
21.02.20_16:11:33,tomato,87.03
21.02.20_16:39:45,cabbage,77.36
21.02.20_17:00:01,cucumber,54.63
21.02.20_17:20:30,tomato,7.23
21.02.20_17:53:33,asparagus,5.48
21.02.20_18:19:40,cabbage,57.24
21.02.20_18:36:59,potato,20.54
21.02.20_19:09:47,tomato,32.91
21.02.20_19:33:33,asparagus,40.11
21.02.20_19:50:18,cabbage,15.46
21.02.20_20:16:51,potato,51.67
21.02.20_20:37:36,tomato,7.82
21.02.20_21:01:16,cucumber,92.82
21.02.20_21:28:31,asparagus,18.36
21.02.20_21:48:02,potato,9.92
21.02.20_22:19:28,asparagus,15.17
21.02.20_22:36:10,cabbage,43.4
21.02.20_23:06:08,cucumber,42.98
21.02.20_23:33:38,potato,59.18
21.02.21_00:02:22,cucumber,83.23
21.02.21_00:27:07,asparagus,19.07
21.02.21_00:59:14,asparagus,28.07
21.02.21_01:27:08,carrot,32.29
21.02.21_01:52:01,potato,42.33
21.02.21_02:22:43,cabbage,23.71
21.02.21_02:41:46,tomato,50.8
21.02.21_03:03:00,cabbage,52.04
21.02.21_03:36:16,asparagus,48.08
21.02.21_04:05:50,cucumber,27.36
21.02.21_04:24:46,cucumber,5.61
21.02.21_04:48:34,cabbage,6.86
21.02.21_05:11:48,cucumber,29.63
21.02.21_05:44:42,asparagus,11.1
21.02.21_06:11:40,potato,58.36
21.02.21_06:43:11,potato,78.43
21.02.21_07:13:13,cabbage,30.82
21.02.21_07:44:30,cucumber,53.65
21.02.21_08:17:16,cabbage,74.75
21.02.21_08:35:02,cucumber,56.7
21.02.21_09:02:57,tomato,95.65
21.02.21_09:28:26,carrot,19.3
21.02.21_09:50:38,carrot,26.71
21.02.21_10:18:35,asparagus,24.54
21.02.21_10:35:55,asparagus,73.08
21.02.21_10:54:36,potato,65.23
21.02.21_11:24:07,potato,41.09
21.02.21_11:49:43,asparagus,85.84
21.02.21_12:15:28,tomato,59.87
21.02.21_12:41:54,carrot,5.18
21.02.21_13:08:13,carrot,21.26
21.02.21_13:40:14,cucumber,51.29
21.02.21_14:12:54,cucumber,84.32
21.02.21_14:42:10,cabbage,72.07
21.02.21_15:08:30,tomato,21.59
21.02.21_15:33:34,cabbage,78.36
21.02.21_15:52:51,potato,84.68
21.02.21_16:10:22,potato,42.46
21.02.21_16:35:22,asparagus,8.0
21.02.21_17:03:32,asparagus,46.85
21.02.21_17:32:34,cucumber,32.65
21.02.21_17:50:12,cucumber,30.46
21.02.21_18:11:07,tomato,77.57
21.02.21_18:30:04,carrot,31.07
21.02.21_18:51:34,potato,95.87
21.02.21_19:09:09,potato,74.72
21.02.21_19:28:37,asparagus,46.84
21.02.21_19:52:06,cucumber,86.2
21.02.21_20:20:56,potato,57.45
21.02.21_20:46:59,asparagus,98.66
21.02.21_21:05:52,cucumber,82.62
21.02.21_21:29:33,potato,84.9
21.02.21_21:52:21,asparagus,60.19
21.02.21_22:20:48,tomato,10.89
21.02.21_22:41:25,asparagus,38.84
21.02.21_23:10:33,tomato,52.76
21.02.21_23:42:02,cucumber,88.71
21.02.22_00:00:42,asparagus,12.24
21.02.22_00:33:41,potato,5.63
21.02.22_01:01:00,carrot,19.9
21.02.22_01:33:09,potato,49.33
21.02.22_02:05:00,cabbage,57.85
21.02.22_02:26:10,carrot,8.93
21.02.22_02:52:51,asparagus,35.82
21.02.22_03:09:40,asparagus,51.55
21.02.22_03:31:58,cucumber,89.84
21.02.22_04:02:19,carrot,88.41
21.02.22_04:21:12,potato,74.78
21.02.22_04:53:55,potato,66.56
21.02.22_05:23:52,cucumber,82.81
21.02.22_05:53:25,carrot,11.81
21.02.22_06:20:04,cabbage,76.77
21.02.22_06:39:02,cabbage,72.11
21.02.22_07:04:58,carrot,27.77
21.02.22_07:21:41,carrot,44.96
21.02.22_07:52:00,tomato,12.42
21.02.22_08:17:10,tomato,62.79
21.02.22_08:42:25,cabbage,70.7
21.02.22_09:08:52,asparagus,32.7
21.02.22_09:40:57,tomato,78.68
21.02.22_10:05:34,potato,91.76
21.02.22_10:31:41,cabbage,32.99
21.02.22_10:57:32,cucumber,52.17
21.02.22_11:27:27,carrot,11.48
21.02.22_11:54:30,cabbage,25.86
21.02.22_12:25:31,potato,99.41
21.02.22_12:57:14,carrot,51.39
21.02.22_13:18:01,potato,39.0
21.02.22_13:37:38,cucumber,41.75
21.02.22_14:06:14,potato,93.74
21.02.22_14:36:05,asparagus,83.38
21.02.22_14:58:23,cabbage,14.27
21.02.22_15:30:11,carrot,60.85
21.02.22_15:50:21,asparagus,98.07
21.02.22_16:10:06,carrot,28.49
21.02.22_16:31:19,potato,86.66
21.02.22_17:02:29,potato,10.23
21.02.22_17:34:17,asparagus,24.96
21.02.22_17:54:02,carrot,23.41
21.02.22_18:15:11,cucumber,58.63
21.02.22_18:43:53,tomato,78.35
21.02.22_19:11:22,potato,51.85
21.02.22_19:36:42,potato,15.54
21.02.22_19:59:59,cabbage,64.2
21.02.22_20:21:30,potato,65.49
21.02.22_20:45:08,cabbage,29.76
21.02.22_21:01:58,potato,43.71
21.02.22_21:34:47,cabbage,49.79
21.02.22_21:58:22,cabbage,71.81
21.02.22_22:23:54,tomato,11.27
21.02.22_22:46:19,cucumber,83.4
21.02.22_23:12:13,cucumber,85.06
21.02.22_23:43:33,carrot,16.03
21.02.23_00:04:34,asparagus,62.43
21.02.23_00:22:46,potato,13.53
21.02.23_00:44:09,asparagus,19.08
21.02.23_01:16:47,potato,47.33
21.02.23_01:35:36,cabbage,60.53
21.02.23_01:58:11,potato,92.19
21.02.23_02:16:03,cabbage,91.73
21.02.23_02:49:11,asparagus,79.91
21.02.23_03:06:55,tomato,50.85
21.02.23_03:26:38,potato,45.66
21.02.23_03:43:39,carrot,19.16
21.02.23_04:09:14,tomato,51.54
21.02.23_04:34:24,carrot,12.0
21.02.23_05:01:28,asparagus,97.18
21.02.23_05:25:07,cabbage,18.74
21.02.23_05:50:28,cabbage,91.38
21.02.23_06:23:29,carrot,19.94
21.02.23_06:52:28,potato,77.68
21.02.23_07:12:17,tomato,8.39
21.02.23_07:34:26,carrot,38.81
21.02.23_07:59:40,cucumber,31.81
21.02.23_08:21:24,tomato,95.19
21.02.23_08:43:07,tomato,5.27
21.02.23_09:01:19,tomato,47.05
21.02.23_09:33:21,asparagus,62.09
21.02.23_09:55:26,tomato,61.04
21.02.23_10:18:20,cabbage,42.11
21.02.23_10:42:51,carrot,50.18
21.02.23_11:08:14,carrot,52.04
21.02.23_11:27:21,potato,22.62
21.02.23_11:45:17,carrot,8.03
21.02.23_12:02:56,carrot,44.14
21.02.23_12:35:36,potato,19.91
21.02.23_13:07:55,asparagus,84.56
21.02.23_13:33:44,asparagus,70.05
21.02.23_13:55:18,cucumber,7.09
21.02.23_14:23:53,potato,38.09
21.02.23_14:41:23,tomato,94.06
21.02.23_15:02:13,tomato,55.51
21.02.23_15:28:47,tomato,7.16
21.02.23_15:57:17,asparagus,43.04
21.02.23_16:15:07,carrot,12.89
21.02.23_16:43:14,cabbage,82.15
21.02.23_17:14:05,cucumber,57.45
21.02.23_17:35:46,cucumber,60.04
21.02.23_18:05:38,tomato,38.93
21.02.23_18:30:53,cabbage,16.72
21.02.23_19:04:07,asparagus,9.17
21.02.23_19:31:52,potato,88.28
21.02.23_19:55:47,asparagus,18.17
21.02.23_20:13:59,asparagus,93.19
21.02.23_20:46:43,asparagus,65.8
21.02.23_21:13:50,carrot,49.05
21.02.23_21:37:26,carrot,13.87
21.02.23_22:08:55,cabbage,18.35
21.02.23_22:26:59,cabbage,61.15
21.02.23_22:51:06,carrot,61.52
21.02.23_23:16:17,tomato,32.8
21.02.23_23:48:56,carrot,57.59
21.02.24_00:07:56,carrot,32.18
21.02.24_00:30:41,carrot,77.13
21.02.24_00:56:00,tomato,64.26
21.02.24_01:25:39,asparagus,25.0
21.02.24_01:51:23,carrot,86.16
21.02.24_02:18:15,asparagus,99.38
21.02.24_02:43:10,carrot,10.05
21.02.24_03:00:13,tomato,22.95
21.02.24_03:30:27,potato,9.87
21.02.24_03:49:25,carrot,48.67
21.02.24_04:18:49,asparagus,11.22
21.02.24_04:46:40,tomato,35.38
21.02.24_05:05:20,cabbage,30.34
21.02.24_05:35:49,cucumber,26.54
21.02.24_06:05:05,asparagus,96.29
21.02.24_06:29:36,cabbage,88.88
21.02.24_06:59:03,asparagus,21.1
21.02.24_07:16:25,carrot,28.89
21.02.24_07:45:40,potato,34.56
21.02.24_08:02:34,tomato,65.56
21.02.24_08:31:12,tomato,23.87
21.02.24_08:49:07,tomato,17.06
21.02.24_09:07:42,asparagus,61.83
21.02.24_09:31:24,cabbage,70.86
21.02.24_09:52:55,cabbage,58.16
21.02.24_10:18:40,potato,32.93
21.02.24_10:38:30,cucumber,66.74
21.02.24_10:59:56,cucumber,93.35
21.02.24_11:27:24,potato,80.48
21.02.24_11:47:48,carrot,91.98
21.02.24_12:12:38,cabbage,33.66
21.02.24_12:40:25,tomato,89.09
21.02.24_13:01:37,tomato,83.38
21.02.24_13:24:06,asparagus,35.74
21.02.24_13:56:15,carrot,89.03
21.02.24_14:15:03,carrot,41.66
21.02.24_14:43:32,asparagus,83.2
21.02.24_15:13:50,cabbage,34.99
21.02.24_15:33:42,cucumber,90.27
21.02.24_15:57:43,asparagus,72.91
21.02.24_16:16:53,cucumber,65.28
21.02.24_16:44:51,cabbage,55.06
21.02.24_17:11:11,cucumber,21.35
21.02.24_17:39:18,cucumber,12.55
21.02.24_17:58:23,tomato,57.95
21.02.24_18:31:01,cucumber,23.15
21.02.24_18:53:24,cabbage,17.64
21.02.24_19:22:53,tomato,69.77
21.02.24_19:51:28,asparagus,59.06
21.02.24_20:14:38,asparagus,27.51
21.02.24_20:31:47,potato,48.15
21.02.24_21:02:19,cucumber,96.53
21.02.24_21:20:00,cabbage,79.44
21.02.24_21:40:17,asparagus,46.57
21.02.24_22:02:08,cabbage,76.0
21.02.24_22:25:15,tomato,43.95
21.02.24_22:51:39,tomato,42.6
21.02.24_23:17:02,tomato,73.14
21.02.24_23:47:35,cucumber,15.46
21.02.25_00:07:41,cabbage,92.65
21.02.25_00:30:01,potato,5.43
21.02.25_00:57:42,cabbage,83.43
21.02.25_01:19:39,cabbage,19.67
21.02.25_01:46:26,cabbage,82.47
21.02.25_02:17:44,cabbage,17.39
21.02.25_02:37:46,carrot,86.54
21.02.25_03:00:55,cabbage,74.84
21.02.25_03:30:06,tomato,22.19
21.02.25_03:54:11,carrot,73.13
21.02.25_04:21:55,potato,21.67
21.02.25_04:48:45,cucumber,91.68
21.02.25_05:06:31,tomato,7.15
21.02.25_05:37:38,carrot,20.22
21.02.25_06:02:46,potato,57.27
21.02.25_06:25:25,carrot,11.64
21.02.25_06:57:51,potato,63.54
21.02.25_07:24:59,carrot,13.62
21.02.25_07:42:04,cabbage,21.66
21.02.25_08:05:32,cucumber,86.98
21.02.25_08:35:30,carrot,6.62
21.02.25_08:55:09,cabbage,60.76
21.02.25_09:12:50,cabbage,23.69
21.02.25_09:39:59,cabbage,84.47
21.02.25_09:57:16,potato,88.02
21.02.25_10:25:59,potato,13.78
21.02.25_10:59:16,asparagus,20.68
21.02.25_11:23:34,asparagus,90.42
21.02.25_11:47:13,carrot,48.75
21.02.25_12:10:24,cucumber,28.51
21.02.25_12:41:37,cucumber,19.01
21.02.25_13:07:00,asparagus,80.79
21.02.25_13:39:24,cucumber,88.58
21.02.25_14:08:34,cabbage,18.81
21.02.25_14:35:30,carrot,67.7
21.02.25_14:56:24,tomato,47.36
21.02.25_15:13:48,cucumber,41.87
21.02.25_15:34:29,cabbage,57.17
21.02.25_16:05:23,asparagus,47.35
21.02.25_16:34:11,cucumber,16.97
21.02.25_16:57:24,cabbage,88.74
21.02.25_17:26:29,cucumber,75.69
21.02.25_17:58:01,cucumber,86.97
21.02.25_18:15:00,carrot,45.38
21.02.25_18:44:28,asparagus,15.17
21.02.25_19:01:55,tomato,94.96
21.02.25_19:23:49,tomato,93.9
21.02.25_19:54:18,tomato,62.48
21.02.25_20:27:13,asparagus,80.37
21.02.25_20:58:34,asparagus,77.82
21.02.25_21:24:59,asparagus,57.9
21.02.25_21:56:26,asparagus,44.4
21.02.25_22:13:58,cucumber,21.31
21.02.25_22:33:38,potato,62.45
21.02.25_23:00:40,potato,23.33
21.02.25_23:18:51,asparagus,95.7
21.02.25_23:42:54,cucumber,70.67
21.02.26_00:01:48,carrot,88.28
21.02.26_00:26:52,asparagus,85.96
21.02.26_00:56:52,cabbage,35.46
21.02.26_01:28:10,tomato,11.81
21.02.26_01:53:22,asparagus,36.89
21.02.26_02:18:11,potato,78.52
21.02.26_02:43:43,tomato,72.15
21.02.26_03:05:22,tomato,41.95
21.02.26_03:36:40,carrot,44.37
21.02.26_03:54:25,tomato,58.34
21.02.26_04:20:33,cucumber,84.56
21.02.26_04:42:56,asparagus,48.62
21.02.26_05:11:26,cabbage,94.76
21.02.26_05:41:12,cucumber,82.58
21.02.26_05:59:51,cucumber,56.15
21.02.26_06:20:46,tomato,15.37
21.02.26_06:48:30,tomato,39.91
21.02.26_07:15:17,cabbage,13.1
21.02.26_07:42:50,cabbage,69.12
21.02.26_08:14:40,cucumber,12.14
21.02.26_08:36:51,cucumber,21.43
21.02.26_08:55:29,tomato,75.27
21.02.26_09:24:23,carrot,34.52
21.02.26_09:47:49,cabbage,62.36
21.02.26_10:14:26,cucumber,27.64
21.02.26_10:46:03,cabbage,33.98
21.02.26_11:12:34,tomato,57.23
21.02.26_11:32:47,potato,66.41
21.02.26_12:04:20,potato,55.57
21.02.26_12:29:31,potato,75.39
21.02.26_12:56:26,tomato,78.1
21.02.26_13:23:11,potato,33.78
21.02.26_13:47:31,tomato,50.71
21.02.26_14:11:03,cabbage,21.76
21.02.26_14:41:52,asparagus,98.46
21.02.26_14:58:59,carrot,25.89
21.02.26_15:29:19,carrot,61.19
21.02.26_15:48:48,potato,31.37
21.02.26_16:17:53,cabbage,53.84
21.02.26_16:49:25,cucumber,56.07
21.02.26_17:06:21,carrot,42.51
21.02.26_17:27:22,asparagus,7.06
21.02.26_17:48:31,cucumber,40.13
21.02.26_18:09:10,asparagus,25.62
21.02.26_18:38:12,carrot,20.08
21.02.26_19:03:16,tomato,94.36
21.02.26_19:22:10,tomato,12.34
21.02.26_19:47:24,potato,19.69
21.02.26_20:06:50,cucumber,36.23
21.02.26_20:35:38,carrot,80.7
21.02.26_21:07:57,asparagus,25.12
21.02.26_21:25:40,potato,67.94
21.02.26_21:53:15,carrot,58.59
21.02.26_22:19:19,cucumber,19.68
21.02.26_22:50:27,cabbage,56.94
21.02.26_23:17:41,cabbage,97.64
21.02.26_23:40:15,cabbage,67.36
21.02.27_00:05:06,carrot,42.64
21.02.27_00:32:59,tomato,32.91
21.02.27_00:50:42,cucumber,6.03
21.02.27_01:16:02,carrot,13.41
21.02.27_01:38:44,cabbage,61.61
21.02.27_02:02:04,carrot,81.91
21.02.27_02:24:42,asparagus,87.3
21.02.27_02:45:53,cabbage,65.7
21.02.27_03:09:14,potato,38.5
21.02.27_03:26:06,cabbage,51.32
21.02.27_03:47:21,tomato,20.87
21.02.27_04:13:24,carrot,61.31
21.02.27_04:45:43,carrot,61.04
21.02.27_05:15:15,carrot,79.82
21.02.27_05:35:42,carrot,49.75
21.02.27_05:53:29,tomato,70.62
21.02.27_06:22:29,tomato,69.0
21.02.27_06:50:01,asparagus,95.84
21.02.27_07:17:52,cucumber,19.89
21.02.27_07:37:40,tomato,23.17
21.02.27_08:09:27,cabbage,47.56
21.02.27_08:26:18,asparagus,57.38
21.02.27_08:53:38,carrot,85.78
21.02.27_09:15:37,potato,63.88
21.02.27_09:36:10,potato,27.54
21.02.27_10:03:45,tomato,24.97
21.02.27_10:28:51,asparagus,96.24
21.02.27_10:55:32,cucumber,94.36
21.02.27_11:13:56,potato,6.71
21.02.27_11:43:04,carrot,8.23
21.02.27_12:03:56,cucumber,23.82
21.02.27_12:36:17,carrot,36.57
21.02.27_13:09:22,potato,25.96
21.02.27_13:42:28,carrot,40.95
21.02.27_14:05:00,tomato,71.42
21.02.27_14:31:23,cabbage,10.31
21.02.27_15:00:16,cabbage,74.71
21.02.27_15:32:28,cabbage,25.89
21.02.27_15:55:20,cucumber,98.97
21.02.27_16:18:39,cabbage,70.84
21.02.27_16:39:51,cabbage,53.17
21.02.27_16:57:38,carrot,51.78
21.02.27_17:27:58,carrot,58.58
21.02.27_17:44:43,tomato,89.01
21.02.27_18:08:57,asparagus,45.59
21.02.27_18:36:16,carrot,13.8
21.02.27_18:57:08,tomato,79.16
21.02.27_19:17:10,cabbage,42.89
21.02.27_19:47:33,cucumber,28.28
21.02.27_20:08:47,cucumber,5.66
21.02.27_20:34:03,cucumber,32.58
21.02.27_20:51:42,potato,37.89
21.02.27_21:10:14,potato,80.88
21.02.27_21:39:44,cabbage,74.49
21.02.27_22:06:06,carrot,58.29
21.02.27_22:38:56,cucumber,71.25
21.02.27_23:07:30,cucumber,56.24
21.02.27_23:40:24,cabbage,52.34
21.02.28_00:10:30,cabbage,8.97
21.02.28_00:43:06,potato,8.98
21.02.28_01:11:24,potato,14.44
21.02.28_01:35:40,cabbage,87.28
21.02.28_02:02:16,asparagus,94.09
21.02.28_02:26:54,carrot,83.39
21.02.28_02:58:13,potato,9.71
21.02.28_03:20:21,asparagus,81.21
21.02.28_03:52:45,tomato,39.37
21.02.28_04:21:41,cabbage,60.78
21.02.28_04:51:00,potato,13.18
21.02.28_05:22:50,cucumber,46.93
21.02.28_05:50:59,asparagus,9.08
21.02.28_06:10:13,cabbage,12.29
21.02.28_06:31:33,cucumber,12.58
21.02.28_06:53:01,cabbage,56.01
21.02.28_07:13:33,cucumber,73.46
21.02.28_07:35:16,cabbage,45.69
21.02.28_08:02:38,asparagus,20.56
21.02.28_08:22:24,asparagus,6.97
21.02.28_08:42:16,tomato,38.03
21.02.28_09:10:35,asparagus,8.16
21.02.28_09:27:37,potato,64.59
21.02.28_09:46:59,tomato,8.54
21.02.28_10:17:16,carrot,86.4
21.02.28_10:41:31,potato,70.47
21.02.28_10:59:45,tomato,81.85
21.02.28_11:27:25,carrot,93.29
21.02.28_11:50:26,carrot,34.98
21.02.28_12:16:11,cabbage,7.74
21.02.28_12:41:53,asparagus,62.38
21.02.28_13:10:13,tomato,61.16
21.02.28_13:30:22,potato,8.99
21.02.28_13:54:06,asparagus,81.57
21.02.28_14:21:55,potato,25.99
21.02.28_14:53:56,cucumber,66.12
21.02.28_15:19:23,potato,87.87
21.02.28_15:50:51,cabbage,71.73
21.02.28_16:19:25,potato,67.0
21.02.28_16:48:45,tomato,60.98
21.02.28_17:08:26,cucumber,39.72
21.02.28_17:30:57,carrot,10.92
21.02.28_17:52:26,cabbage,75.52
21.02.28_18:11:15,asparagus,97.68
21.02.28_18:28:28,carrot,74.21
21.02.28_18:58:04,potato,53.06
21.02.28_19:31:10,potato,8.46
21.02.28_19:51:25,cucumber,47.67
21.02.28_20:12:38,asparagus,46.8
21.02.28_20:43:59,potato,56.14
21.02.28_21:10:28,potato,8.96
21.02.28_21:28:11,cucumber,54.98
21.02.28_21:45:30,cucumber,35.25
21.02.28_22:02:16,tomato,50.65
21.02.28_22:34:02,cabbage,64.18
21.02.28_23:05:50,cucumber,39.26
21.02.28_23:30:13,tomato,35.12
